title,link,description,bloggername,bloggerlink,postdate
"샤로수길 <b>와인</b> 맛집, 서울대입구 투머트 분위기 좋아!",https://blog.naver.com/curious24?Redirect=Log&logNo=222306704029,이번 주말 기분 전환 하러 갔던 서울대 입구 샤로수길 <b>와인</b> 맛집 기록하려고 왔어요. 요즘은 날씨가 좋아서 가볍게 <b>와인</b> 한 잔이 절로 떠오르는 날씨..☀️ 샤로수길에서 <b>와인</b> 마시면서 맛있는 식사할 수 있는... ,에피의 하루,https://blog.naver.com/curious24,20210412
가로수길 <b>와인</b>바｜레 부르주아 : 봄밤 공기가 느껴지는 곳,https://blog.naver.com/celinicious?Redirect=Log&logNo=222309703500,"창가로 들어오는 봄 밤의 공기와 퀄리티 있는 화이트<b>와인</b> 지난 주, 저는 친구와 함께 레 부르주아에 다녀왔습니다. 메인에 자리잡은 가로수길 <b>와인</b>바인데요, 열린 창가를 통해 들어오는 골목의 즐거운... ",씨케이의 데일리로그,https://blog.naver.com/celinicious,20210414
리프레쉬먼트 권숙수의 디저트&amp;<b>와인</b>샵,https://blog.naver.com/lego8099?Redirect=Log&logNo=222274907514,Refreshment @리프레쉬먼트/권숙수의 디저트&amp;<b>와인</b>샵 쌍화탕 타르트 강남구청역 근방에 위치한 리프레쉬먼트. 권숙수에서 운영하고 있는 디저트&amp;<b>와인</b>샵으로 정식 오픈한지 일주일?!정도 밖에 되지 않은 따끈따끈한... ,먹고 마시고 공부하고 놀기,https://blog.naver.com/lego8099,20210314
해운대브런치 클램 <b>와인</b> 오션뷰 해운대맛집,https://blog.naver.com/jeecool0?Redirect=Log&logNo=222305028326,해수욕장 <b>와인</b>바 겸 브런치 레스토랑 나같은 여행러들과 해운대의 화이트칼라들이 한자리에서... 판매하다보니 <b>와인</b>리스트가 다양했다 로제 화이트 레드 등등 평일에는 <b>와인</b> 콜키지가 무료라 콜키지프리가 거의... ,티끌이된멍멍이,https://blog.naver.com/jeecool0,20210410
"성신여대 소개팅장소 추천 파스타&amp;<b>와인</b>, 동선동3가 이태리맨션",https://blog.naver.com/xkstjd?Redirect=Log&logNo=222307833883,"파스타를 주메뉴로 과카몰리&amp;나쵸, 카프레제, 감바스 등 <b>와인</b>과 함께하기 좋은 스페셜 메뉴들이... 안가져왔으면 <b>와인</b> 시켜서 와구와구 먹고싶었는데 아쉬워요. 궁금한 <b>와인</b>들과 익숙한 <b>와인</b>들이 많아서 더... ",낭만민동,https://blog.naver.com/xkstjd,20210412
"투뿔한우 스테이크까지...마포공덕 내추럴 <b>와인</b>바, 고메오드",https://blog.naver.com/angela8846?Redirect=Log&logNo=222308199688,<b>와인</b>잔이 부딪히는 소리가 들린답니다. 요리 스타일은 이탈리안 퀴진이 베이스지만 유부초밥과 결합하거나 바삭한 빵가루 속에 숨어있는 문어구이 등등 이색적인 요리들을 만날 수 있어요. <b>와인</b> 리스트는... ,TASTY KOREA 공식블로그,https://blog.naver.com/angela8846,20210413
[금정역/산본시장] 소주와 저렴한 <b>와인</b>이 있는 파스타 - 릴라웨이,https://blog.naver.com/fixion84?Redirect=Log&logNo=222293244320,[금정역/산본시장] 소주와 저렴한 <b>와인</b>이 있는 파스타 - 릴라웨이 가보고싶은 파스타집이 예약이... 릴라웨이 시그니처 화이트 <b>와인</b>찜을 주문하려고 했기 때문에 파스타는 토마토 볼로네제 파스타를 주문했다.... ,:: 먹기위해 산다 ::,https://blog.naver.com/fixion84,20210331
부모님 선물 추천 고급진 하늘맛 한우<b>와인</b>세트,https://blog.naver.com/lovejnkm?Redirect=Log&logNo=222308303904,감사함을 전하기 좋은 부모님 선물 추천 하늘맛 한우<b>와인</b>세트 탈도 많고 말도 많았던 20년을 보내고... 그래서 한 겨울동안 비축난 몸 좀 챙길 겸~ 몸보신 좀 해 볼까해서 한우<b>와인</b>세트를 준비했어요. 산지직송... ,행복을 전하는 섭이네,https://blog.naver.com/lovejnkm,20210413
<b>와인</b>과 함께 즐겨본 스시 오마카세 - 해운대 센텀시티 스시시안,https://blog.naver.com/c4548?Redirect=Log&logNo=222304053933,<b>와인</b>과 함께 스시 오마카세를 즐기기 위해서 예약을 넣었다. 해운대 센텀시티 - 스시시안. 롯데... 일단 <b>와인</b>부터 정리. DOMAIN PHILIPPE CHARLOPIN BOURGOGNE 2015 오픈하고 바로 칠링 박스로 입수. 오픈부터 좋구나. 역시... ,쭈니 공간,https://blog.naver.com/c4548,20210410
청도아이들과가볼만한곳 청도레일바이크 &amp; 청도<b>와인</b>터널,https://blog.naver.com/lkhhwa?Redirect=Log&logNo=222305688604,청도아이들과가볼만한곳 청도레일바이크 &amp; 청도<b>와인</b>터널 #청도아이들과가볼만한곳 #청도레일바이크... #청도<b>와인</b>터널 돌아가기전 레일바이크타는 부근이여서 예전부터 유명했던 곳이지만 들러볼 기회가... ,알콩 달콩 두아이의 소소한 이야기,https://blog.naver.com/lkhhwa,20210411
